,name,github_id,category,github_url,homepage,license,created_at,updated_at,last_commit_pushed_at,fork_count,open_issue_count,closed_issue_count,star_count,commit_count,latest_stable_release_published_at,latest_stable_release_number,github_release_downloads,monthly_downloads,release_count,description,contributor_count,projectrank,show,projectrank_placing,trending,updated_github_id,new_addition
0,incubator-mxnet,apache/incubator-mxnet,ml-frameworks,https://github.com/apache/incubator-mxnet,https://github.com/apache/incubator-mxnet,Apache-2.0,2015-04-30 16:21:15,2021-11-01 11:34:26,2021-10-31 02:45:06,6520.0,1729.0,7684.0,19724,11718.0,2021-03-03 01:00:20,1.8.0,24241.0,367.0,29.0,"Lightweight, Portable, Flexible Distributed/Mobile Deep Learning with Dynamic, Mutation-aware Dataflow Dep Scheduler;..",967.0,25,True,1,-6.0,,
1,Turing.jl,TuringLang/Turing.jl,ml-frameworks,https://github.com/TuringLang/Turing.jl,https://github.com/TuringLang/Turing.jl,MIT,2016-04-29 10:51:43,2021-10-22 00:16:44,2021-09-27 23:34:22,168.0,184.0,679.0,1391,3177.0,2021-08-30 09:05:57,0.18.0,,,99.0,Bayesian inference with probabilistic programming.,79.0,20,True,1,,,
2,Flux.jl,FluxML/Flux.jl,ml-frameworks,https://github.com/FluxML/Flux.jl,https://github.com/FluxML/Flux.jl,,2016-04-01 21:11:05,2021-10-31 12:38:21,2021-10-31 12:14:38,465.0,189.0,713.0,3282,3998.0,2021-10-28 10:16:22,0.12.8,,,58.0,Relax! Flux is the ML library that doesn't make you tensor.,176.0,19,False,1,,,
3,Gen.jl,probcomp/Gen.jl,ml-frameworks,https://github.com/probcomp/Gen.jl,https://github.com/probcomp/Gen.jl,Apache-2.0,2018-08-21 21:42:42,2021-10-09 01:36:57,2021-10-09 00:57:12,142.0,139.0,114.0,1583,1213.0,2021-10-09 01:20:19,0.4.4,,,15.0,A general-purpose probabilistic programming system with programmable inference.,31.0,19,True,1,,,
4,Knet.jl,denizyuret/Knet.jl,ml-frameworks,https://github.com/denizyuret/Knet.jl,https://github.com/denizyuret/Knet.jl,,2015-09-29 23:42:37,2021-10-22 15:06:26,2021-10-19 06:39:15,232.0,134.0,350.0,1309,3072.0,2021-10-13 21:04:26,1.4.9,2257.0,41.0,39.0,Ko University deep learning framework.,51.0,19,False,1,,,
5,DataFrames.jl,JuliaData/DataFrames.jl,data-loading,https://github.com/JuliaData/DataFrames.jl,https://github.com/JuliaData/DataFrames.jl,,2012-07-11 18:00:09,2021-11-01 12:22:56,2021-11-01 11:59:30,318.0,112.0,1402.0,1201,2433.0,2021-07-31 15:31:50,1.2.2,,,65.0,In-memory tabular data in Julia.,193.0,19,False,1,,,
6,Distributions.jl,JuliaStats/Distributions.jl,probabilistics,https://github.com/JuliaStats/Distributions.jl,https://github.com/JuliaStats/Distributions.jl,,2012-11-09 20:01:33,2021-10-30 07:07:39,2021-10-30 07:04:19,330.0,219.0,477.0,770,1674.0,2021-10-28 11:12:42,0.25.23,,,98.0,A Julia package for probability distributions and associated functions.,187.0,18,False,1,,,
7,DiffEqFlux.jl,SciML/DiffEqFlux.jl,ml-frameworks,https://github.com/SciML/DiffEqFlux.jl,https://github.com/SciML/DiffEqFlux.jl,MIT,2018-12-26 15:09:29,2021-10-30 15:21:41,2021-10-30 13:54:22,110.0,74.0,216.0,598,1247.0,2021-10-30 15:11:52,1.44.0,,,80.0,"Universal neural differential equations with O(1) backprop, GPUs, and stiff+non-stiff DE solvers, demonstrating..",61.0,18,True,1,,,
8,DifferentialEquations.jl,SciML/DifferentialEquations.jl,ml-frameworks,https://github.com/SciML/DifferentialEquations.jl,https://github.com/SciML/DifferentialEquations.jl,,2016-05-11 05:13:39,2021-10-18 13:50:46,2021-10-18 13:50:46,156.0,121.0,585.0,1979,1265.0,2021-08-12 10:51:55,6.19.0,,,54.0,Multi-language suite for high-performance solvers of differential equations and scientific machine learning (SciML)..,20.0,17,False,1,,,
9,MLJ.jl,alan-turing-institute/MLJ.jl,ml-frameworks,https://github.com/alan-turing-institute/MLJ.jl,https://github.com/alan-turing-institute/MLJ.jl,,2018-08-01 06:29:39,2021-10-30 00:11:15,2021-10-29 01:47:41,124.0,85.0,417.0,1218,2078.0,2021-10-29 03:28:43,0.16.11,,,57.0,A Julia machine learning framework.,47.0,17,False,1,,,
10,Zygote.jl,FluxML/Zygote.jl,ml-frameworks,https://github.com/FluxML/Zygote.jl,https://github.com/FluxML/Zygote.jl,,2018-08-06 22:08:26,2021-10-26 15:25:36,2021-10-26 08:26:41,152.0,291.0,323.0,1084,2039.0,2021-10-16 23:09:14,0.6.29,,,77.0,Intimate Affection Auditor.,81.0,17,False,1,,,
11,Metalhead.jl,FluxML/Metalhead.jl,image,https://github.com/FluxML/Metalhead.jl,https://github.com/FluxML/Metalhead.jl,,2018-02-15 21:37:03,2021-10-18 01:43:53,2021-10-18 01:38:46,44.0,7.0,37.0,229,225.0,2021-10-17 16:16:57,0.6.0,12510.0,278.0,11.0,Computer vision models for Flux.,28.0,17,False,1,2.0,,
12,MLJBase.jl,alan-turing-institute/MLJBase.jl,ml-frameworks,https://github.com/JuliaAI/MLJBase.jl,https://github.com/JuliaAI/MLJBase.jl,MIT,2018-12-11 14:42:03,2021-10-31 22:49:33,2021-10-31 22:49:33,30.0,37.0,191.0,83,1731.0,2021-10-29 01:52:22,0.18.24,,,100.0,Core functionality for the MLJ machine learning framework.,29.0,17,False,1,,JuliaAI/MLJBase.jl,
13,ModelingToolkit.jl,SciML/ModelingToolkit.jl,ml-frameworks,https://github.com/SciML/ModelingToolkit.jl,https://github.com/SciML/ModelingToolkit.jl,,2018-02-27 01:36:26,2021-11-01 00:11:12,2021-10-26 22:55:33,109.0,173.0,415.0,862,2732.0,2021-10-26 23:16:37,6.7.1,,,100.0,A modeling framework for automatically parallelized scientific machine learning (SciML) in Julia. A computer algebra..,70.0,16,False,2,,,
14,NeuralPDE.jl,SciML/NeuralPDE.jl,ml-frameworks,https://github.com/SciML/NeuralPDE.jl,https://github.com/SciML/NeuralPDE.jl,,2017-03-14 20:53:14,2021-10-31 15:25:17,2021-10-31 14:56:58,95.0,66.0,107.0,471,1285.0,2021-10-31 15:13:57,4.0.1,,,43.0,Physics-Informed Neural Networks (PINN) and Deep BSDE Solvers of Differential Equations for Scientific Machine..,31.0,16,False,2,,,
15,FastAI.jl,FluxML/FastAI.jl,ml-frameworks,https://github.com/FluxML/FastAI.jl,https://github.com/FluxML/FastAI.jl,MIT,2020-05-20 23:06:49,2021-10-26 16:42:43,2021-10-26 16:26:10,35.0,8.0,23.0,404,236.0,2021-09-21 01:02:17,0.2.0,,,2.0,"Repository of best practices for deep learning in Julia, inspired by fastai.",13.0,16,True,2,4.0,,
16,ReinforcementLearning.jl,JuliaReinforcementLearning/ReinforcementLearning.jl,ml-frameworks,https://github.com/JuliaReinforcementLearning/ReinforcementLearning.jl,https://github.com/JuliaReinforcementLearning/ReinforcementLearning.jl,,2018-06-07 11:54:45,2021-10-25 07:46:01,2021-10-25 07:46:01,51.0,34.0,182.0,295,1195.0,2021-10-08 12:20:49,0.10.0,34.0,0.0,13.0,A reinforcement learning package for Julia.,39.0,16,False,2,,,
17,OrdinaryDiffEq.jl,SciML/OrdinaryDiffEq.jl,ml-frameworks,https://github.com/SciML/OrdinaryDiffEq.jl,https://github.com/SciML/OrdinaryDiffEq.jl,,2016-10-22 16:27:51,2021-11-01 00:23:36,2021-10-31 23:42:54,117.0,232.0,339.0,282,5303.0,2021-11-01 00:23:37,5.65.3,,,100.0,"High performance differential equation solvers for ordinary differential equations, including neural ordinary..",84.0,16,False,2,,,
18,Transformers.jl,chengchingwen/Transformers.jl,nlp,https://github.com/chengchingwen/Transformers.jl,https://github.com/chengchingwen/Transformers.jl,MIT,2018-12-27 06:24:53,2021-09-04 06:42:56,2021-09-03 20:35:54,39.0,12.0,22.0,246,496.0,2021-09-04 06:42:56,0.1.14,,,11.0,Julia Implementation of Transformer models.,11.0,16,True,1,,,
19,GeometricFlux.jl,yuehhua/GeometricFlux.jl,ml-frameworks,https://github.com/FluxML/GeometricFlux.jl,https://github.com/FluxML/GeometricFlux.jl,MIT,2019-04-04 12:18:22,2021-11-01 02:21:52,2021-09-24 05:15:14,23.0,49.0,37.0,245,685.0,2021-08-14 16:52:02,0.7.7,,,20.0,Geometric Deep Learning for Flux.,13.0,16,True,2,,FluxML/GeometricFlux.jl,
20,DFTK.jl/,JuliaMolSim/DFTK.jl/,ml-frameworks,https://github.com/JuliaMolSim/DFTK.jl,https://github.com/JuliaMolSim/DFTK.jl,MIT,2019-04-16 17:15:53,2021-10-22 14:03:42,2021-10-17 14:03:07,37.0,53.0,106.0,203,898.0,2021-10-17 15:40:46,0.4.0,,,46.0,Density-functional toolkit.,,16,True,2,,,
21,MLBase.jl,JuliaStats/MLBase.jl,ml-frameworks,https://github.com/JuliaStats/MLBase.jl,https://github.com/JuliaStats/MLBase.jl,MIT,2013-02-10 15:50:23,2021-09-17 21:54:08,2021-09-17 21:23:02,57.0,7.0,14.0,178,169.0,2021-09-17 21:54:08,0.9.0,,,4.0,A set of functions to support the development of machine learning algorithms.,17.0,16,True,2,2.0,,
22,ADCME.jl,kailaix/ADCME.jl,ml-frameworks,https://github.com/kailaix/ADCME.jl,https://github.com/kailaix/ADCME.jl,MIT,2019-06-02 16:12:38,2021-09-09 15:35:28,2021-09-09 15:29:08,42.0,15.0,24.0,171,1109.0,2021-05-21 23:52:59,0.7.3,113.0,4.0,49.0,Automatic Differentiation Library for Computational and Mathematical Engineering.,4.0,16,True,2,,,
23,DiffEqBase.jl,SciML/DiffEqBase.jl,ml-frameworks,https://github.com/SciML/DiffEqBase.jl,https://github.com/SciML/DiffEqBase.jl,,2016-10-20 22:28:36,2021-10-30 01:34:28,2021-10-29 23:43:29,74.0,47.0,128.0,155,2358.0,2021-10-30 01:34:28,6.75.1,,,100.0,The lightweight Base library for shared types and functionality for defining differential equation and scientific..,67.0,16,False,2,,,
24,ForneyLab.jl,biaslab/ForneyLab.jl,ml-frameworks,https://github.com/biaslab/ForneyLab.jl,https://github.com/biaslab/ForneyLab.jl,MIT,2018-06-27 09:12:26,2021-10-01 14:19:47,2021-09-29 16:07:53,28.0,15.0,50.0,103,2180.0,2021-07-22 15:06:17,0.11.3,,,8.0,Julia package for automatically generating Bayesian inference algorithms through message passing on Forney-style..,19.0,16,True,2,2.0,,
25,Images.jl,JuliaImages/Images.jl,image,https://github.com/JuliaImages/Images.jl,https://github.com/JuliaImages/Images.jl,,2012-12-05 14:43:16,2021-10-31 19:59:40,2021-10-21 10:09:40,131.0,40.0,478.0,458,1486.0,2021-04-27 07:48:51,0.24.1,,,45.0,An image library for Julia.,86.0,15,False,3,,,
26,GLM.jl,JuliaStats/GLM.jl,probabilistics,https://github.com/JuliaStats/GLM.jl,https://github.com/JuliaStats/GLM.jl,,2012-05-30 03:30:46,2021-10-24 17:59:29,2021-09-09 08:06:41,95.0,55.0,171.0,414,445.0,2021-06-30 00:46:29,1.5.1,,,31.0,Generalized linear models in Julia.,44.0,15,False,1,,,
27,TextAnalysis.jl,JuliaText/TextAnalysis.jl,nlp,https://github.com/JuliaText/TextAnalysis.jl,https://github.com/JuliaText/TextAnalysis.jl,,2012-05-11 18:44:33,2021-06-25 12:57:19,2021-06-25 12:57:19,88.0,41.0,69.0,324,580.0,2021-04-05 20:07:11,0.7.3,15256.0,311.0,11.0,Julia package for text analysis.,43.0,15,False,1,-2.0,,
28,Distances.jl,JuliaStats/Distances.jl,ml-frameworks,https://github.com/JuliaStats/Distances.jl,https://github.com/JuliaStats/Distances.jl,,2014-08-26 04:25:09,2021-10-30 20:49:37,2021-10-30 19:01:04,84.0,26.0,74.0,306,169.0,2021-10-30 20:49:37,0.10.6,,,23.0,A Julia package for evaluating distances (metrics) between vectors.,37.0,15,False,2,,,
29,MixedModels.jl,JuliaStats/MixedModels.jl,ml-frameworks,https://github.com/JuliaStats/MixedModels.jl,https://github.com/JuliaStats/MixedModels.jl,MIT,2013-03-29 21:24:25,2021-10-01 03:33:57,2021-09-24 14:43:11,41.0,20.0,218.0,289,,2021-10-01 03:20:48,4.4.0,,,74.0,A Julia package for fitting (statistical) mixed-effects models.,23.0,15,True,2,,,
30,AutoMLPipeline.jl,IBM/AutoMLPipeline.jl,ml-frameworks,https://github.com/IBM/AutoMLPipeline.jl,https://github.com/IBM/AutoMLPipeline.jl,MIT,2020-02-25 15:46:12,2021-10-11 13:27:44,2021-10-11 13:20:05,21.0,19.0,48.0,280,421.0,2021-05-23 15:24:33,0.3.6,,,29.0,A package that makes it trivial to create and evaluate machine learning pipeline architectures.,4.0,15,True,2,,,
31,GaussianProcesses.jl,STOR-i/GaussianProcesses.jl,probabilistics,https://github.com/STOR-i/GaussianProcesses.jl,https://github.com/STOR-i/GaussianProcesses.jl,,2015-04-30 14:46:12,2021-09-16 09:10:16,2021-09-16 09:10:16,48.0,22.0,96.0,257,1054.0,2021-06-15 14:28:14,0.12.4,,,7.0,A Julia package for Gaussian Processes.,29.0,15,False,1,,,
32,MeasureTheory.jl,cscherrer/MeasureTheory.jl,probabilistics,https://github.com/cscherrer/MeasureTheory.jl,https://github.com/cscherrer/MeasureTheory.jl,MIT,2020-01-11 19:44:00,2021-10-29 18:11:46,2021-10-20 17:51:47,24.0,36.0,17.0,251,334.0,2021-10-18 20:40:53,0.13.0,,,31.0,,10.0,15,False,1,,,
33,DecisionTree.jl,bensadeghi/DecisionTree.jl,ml-frameworks,https://github.com/bensadeghi/DecisionTree.jl,https://github.com/bensadeghi/DecisionTree.jl,,2013-01-14 01:29:53,2021-10-06 03:23:44,2021-10-06 03:21:24,79.0,30.0,42.0,246,465.0,2021-10-06 03:23:44,0.10.11,,,23.0,Julia implementation of Decision Tree (CART) and Random Forest algorithms.,23.0,15,False,2,,,
34,KernelFunctions.jl,JuliaGaussianProcesses/KernelFunctions.jl,ml-frameworks,https://github.com/JuliaGaussianProcesses/KernelFunctions.jl,https://github.com/JuliaGaussianProcesses/KernelFunctions.jl,MIT,2019-05-24 13:53:47,2021-10-27 21:52:35,2021-10-26 17:03:47,19.0,55.0,79.0,156,661.0,2021-10-20 15:16:23,0.10.26,,,84.0,Julia package for kernel functions for machine learning.,19.0,15,True,2,,,
35,MLDatasets.jl,JuliaML/MLDatasets.jl,data-loading,https://github.com/JuliaML/MLDatasets.jl,https://github.com/JuliaML/MLDatasets.jl,MIT,2016-09-08 09:16:50,2021-10-31 08:13:29,2021-10-23 08:13:19,31.0,13.0,19.0,142,210.0,2021-10-23 08:26:48,0.5.12,13.0,0.0,20.0,Utility package for accessing common Machine Learning datasets in Julia.,15.0,15,True,2,,,
36,TensorFlow.jl,malmaud/TensorFlow.jl,ml-frameworks,https://github.com/malmaud/TensorFlow.jl,https://github.com/malmaud/TensorFlow.jl,,2015-11-17 18:50:55,2021-08-02 16:55:00,2021-08-02 16:55:00,108.0,71.0,173.0,845,1327.0,2019-03-27 18:18:07,0.12.0,,,27.0,A Julia wrapper for TensorFlow.,39.0,14,False,3,,,
37,Yao.jl,QuantumBFS/Yao.jl,ml-frameworks,https://github.com/QuantumBFS/Yao.jl,https://github.com/QuantumBFS/Yao.jl,,2018-04-13 13:47:02,2021-10-25 02:30:24,2021-10-25 02:27:57,78.0,25.0,118.0,597,520.0,2021-06-28 16:40:10,0.6.4,,,20.0,"Extensible, Efficient Quantum Algorithm Design for Humans.",11.0,14,False,3,,,
38,ScikitLearn.jl,cstjean/ScikitLearn.jl,ml-frameworks,https://github.com/cstjean/ScikitLearn.jl,https://github.com/cstjean/ScikitLearn.jl,,2016-02-28 17:06:55,2021-09-25 11:43:53,2021-09-25 11:43:53,65.0,27.0,51.0,462,488.0,2021-06-09 07:24:34,0.6.4,,,10.0,Julia implementation of the scikit-learn API https://cstjean.github.io/ScikitLearn.jl/dev/.,14.0,14,False,3,,,
39,MultivariateStats.jl,JuliaStats/MultivariateStats.jl,probabilistics,https://github.com/JuliaStats/MultivariateStats.jl,https://github.com/JuliaStats/MultivariateStats.jl,,2014-03-12 21:59:49,2021-10-28 22:52:09,2021-10-28 20:43:31,59.0,32.0,54.0,255,160.0,2020-11-15 22:14:12,0.8.0,,,5.0,A Julia package for multivariate statistics and data analysis (e.g. dimension reduction).,26.0,14,False,2,,,
40,HypothesisTests.jl,JuliaStats/HypothesisTests.jl,probabilistics,https://github.com/JuliaStats/HypothesisTests.jl,https://github.com/JuliaStats/HypothesisTests.jl,,2012-12-09 05:43:21,2021-10-26 13:11:43,2021-06-15 14:26:56,66.0,46.0,62.0,195,270.0,2021-05-03 11:06:53,0.10.4,,,14.0,Hypothesis tests for Julia.,42.0,14,False,2,,,
41,Enzyme.jl,wsmoses/Enzyme.jl,ml-frameworks,https://github.com/wsmoses/Enzyme.jl,https://github.com/wsmoses/Enzyme.jl,MIT,2019-09-06 20:06:06,2021-11-01 05:03:21,2021-11-01 04:55:00,13.0,21.0,36.0,127,197.0,2021-10-13 20:03:14,0.7.2,,,20.0,Julia bindings for the Enzyme automatic differentiator.,10.0,14,True,3,,,
42,NNlib.jl,FluxML/NNlib.jl,ml-frameworks,https://github.com/FluxML/NNlib.jl,https://github.com/FluxML/NNlib.jl,,2017-08-21 17:14:26,2021-10-31 19:43:35,2021-10-30 04:55:43,85.0,37.0,84.0,115,1022.0,2021-09-07 13:21:09,0.7.29,,,53.0,Neural Network primitives with multiple backends.,69.0,14,False,3,,,
43,ReservoirComputing.jl,SciML/ReservoirComputing.jl,ml-frameworks,https://github.com/SciML/ReservoirComputing.jl,https://github.com/SciML/ReservoirComputing.jl,MIT,2020-01-16 14:21:10,2021-10-31 20:21:45,2021-06-21 23:06:46,17.0,9.0,6.0,89,313.0,2021-06-21 23:16:01,0.7.0,,,10.0,Reservoir computing utilities for scientific machine learning (SciML).,11.0,14,False,3,,,
44,TSML.jl,IBM/TSML.jl,ml-frameworks,https://github.com/IBM/TSML.jl,https://github.com/IBM/TSML.jl,MIT,2019-01-31 03:57:56,2021-10-11 13:35:09,2021-10-11 13:23:49,16.0,4.0,86.0,71,668.0,2021-09-16 21:22:37,2.7.2,,,42.0,"A package for time series data processing, classification, clustering, and prediction.",7.0,14,False,3,,,
45,MLJTuning.jl,alan-turing-institute/MLJTuning.jl,hyperopt,https://github.com/JuliaAI/MLJTuning.jl,https://github.com/JuliaAI/MLJTuning.jl,MIT,2020-01-14 18:48:56,2021-10-29 12:55:39,2021-10-13 23:35:46,7.0,11.0,33.0,49,547.0,2021-09-23 03:45:39,0.6.13,,,37.0,Hyperparameter optimization algorithms for use in the MLJ machine learning framework.,12.0,14,False,1,,JuliaAI/MLJTuning.jl,
46,FluxTraining.jl,lorenzoh/FluxTraining.jl,ml-frameworks,https://github.com/FluxML/FluxTraining.jl,https://github.com/FluxML/FluxTraining.jl,MIT,2020-03-27 12:27:00,2021-10-30 10:48:09,2021-10-28 07:55:52,8.0,3.0,15.0,49,189.0,2021-10-21 09:11:51,0.2.3,,,8.0,A flexible neural net training library inspired by fast.ai.,7.0,14,False,3,,FluxML/FluxTraining.jl,
47,Mocha.jl,pluskid/Mocha.jl,ml-frameworks,https://github.com/pluskid/Mocha.jl,https://github.com/pluskid/Mocha.jl,,2014-10-25 00:31:21,2018-12-06 01:09:35,2018-12-06 01:09:34,254.0,35.0,119.0,1273,1069.0,,,,,,Deep Learning framework for Julia.,47.0,13,False,3,,,
48,Clustering.jl,JuliaStats/Clustering.jl,ml-frameworks,https://github.com/JuliaStats/Clustering.jl,https://github.com/JuliaStats/Clustering.jl,,2012-11-24 15:47:36,2021-08-22 17:14:11,2021-03-11 18:32:20,102.0,33.0,60.0,261,328.0,2020-10-18 12:18:16,0.14.2,,,19.0,A Julia package for data clustering.,46.0,13,False,3,,,
49,XGBoost.jl,dmlc/XGBoost.jl,ml-frameworks,https://github.com/dmlc/XGBoost.jl,https://github.com/dmlc/XGBoost.jl,,2014-08-14 19:10:42,2021-08-09 00:30:52,2020-12-22 16:30:49,98.0,11.0,46.0,197,182.0,2020-12-22 16:36:19,1.1.1,,,7.0,XGBoost Julia Package.,22.0,13,False,3,,,
50,ArrayFire.jl,JuliaGPU/ArrayFire.jl,ml-frameworks,https://github.com/JuliaGPU/ArrayFire.jl,https://github.com/JuliaGPU/ArrayFire.jl,,2015-05-28 21:01:58,2020-11-18 16:52:26,2020-11-18 16:52:25,31.0,44.0,156.0,189,858.0,2020-09-25 07:25:28,1.0.7,,,11.0,Julia wrapper for the ArrayFire library.,33.0,13,False,3,,,
51,Merlin.jl,hshindo/Merlin.jl,ml-frameworks,https://github.com/hshindo/Merlin.jl,https://github.com/hshindo/Merlin.jl,MIT,2015-11-25 09:12:06,2019-11-25 10:44:17,2018-11-02 04:31:00,10.0,1.0,5.0,147,1454.0,2017-12-15 04:52:54,0.0.3,,,2.0,Deep Learning for Julia.,10.0,13,False,3,,,
52,Augmentor.jl,Evizero/Augmentor.jl,image,https://github.com/Evizero/Augmentor.jl,https://github.com/Evizero/Augmentor.jl,,2017-05-04 13:13:15,2021-10-20 13:51:00,2021-10-20 13:40:51,42.0,20.0,26.0,107,214.0,2021-08-08 02:10:29,0.6.5,,,14.0,A fast image augmentation library in Julia for machine learning.,5.0,13,False,3,,,
53,Omega.jl,zenna/Omega.jl,probabilistics,https://github.com/zenna/Omega.jl,https://github.com/zenna/Omega.jl,MIT,2018-03-09 23:01:39,2021-09-12 13:48:06,2021-02-17 01:51:16,13.0,42.0,73.0,99,648.0,2019-06-24 21:56:14,0.1.1,,,2.0,"Causal, Higher-Order, Probabilistic Programming.",12.0,13,False,3,,,
54,DataDeps.jl,oxinabox/DataDeps.jl,data-loading,https://github.com/oxinabox/DataDeps.jl,https://github.com/oxinabox/DataDeps.jl,,2017-10-18 01:23:10,2021-10-13 13:48:29,2021-10-13 12:48:59,35.0,26.0,51.0,98,357.0,2021-01-27 20:11:51,0.7.7,,,35.0,reproducible data setup for reproducible science.,26.0,13,False,2,,,
55,Mads.jl,madsjulia/Mads.jl,ml-frameworks,https://github.com/madsjulia/Mads.jl,https://github.com/madsjulia/Mads.jl,,2016-01-26 14:19:09,2021-10-29 14:54:53,2021-10-29 14:54:49,20.0,,17.0,82,2266.0,2021-10-28 18:13:15,1.2.12,,,64.0,MADS: Model Analysis & Decision Support.,20.0,13,False,3,,,
56,TensorBoardLogger.jl,PhilipVinc/TensorBoardLogger.jl,ml-experiments,https://github.com/JuliaLogging/TensorBoardLogger.jl,https://github.com/JuliaLogging/TensorBoardLogger.jl,MIT,2019-01-27 21:15:07,2021-07-23 21:35:18,2021-07-23 21:35:18,19.0,13.0,23.0,75,176.0,2021-07-18 20:25:16,0.1.18,,,19.0,Easy peasy logging to TensorBoard with Julia.,20.0,13,False,1,,JuliaLogging/TensorBoardLogger.jl,
57,ReadStat.jl,queryverse/ReadStat.jl,probabilistics,https://github.com/queryverse/ReadStat.jl,https://github.com/queryverse/ReadStat.jl,MIT,2013-12-01 21:59:46,2021-08-16 18:07:45,2021-08-16 17:43:25,16.0,7.0,21.0,68,174.0,2021-08-16 18:06:13,1.1.1,,,11.0,"Read files from Stata, SAS, and SPSS.",10.0,13,False,3,,,
58,GaussianMixtures.jl,davidavdav/GaussianMixtures.jl,probabilistics,https://github.com/davidavdav/GaussianMixtures.jl,https://github.com/davidavdav/GaussianMixtures.jl,,2013-12-04 12:10:37,2021-09-29 07:54:40,2021-09-29 07:42:37,28.0,9.0,26.0,63,413.0,2021-01-05 11:52:22,0.3.4,,,5.0,Large scale Gaussian Mixture Models.,21.0,13,False,3,,,
59,DiffEqParamEstim.jl,SciML/DiffEqParamEstim.jl,ml-frameworks,https://github.com/SciML/DiffEqParamEstim.jl,https://github.com/SciML/DiffEqParamEstim.jl,,2016-10-28 11:33:04,2021-09-08 17:02:00,2021-09-08 17:02:00,22.0,15.0,55.0,33,526.0,2021-06-11 11:01:05,1.21.0,,,43.0,Easy scientific machine learning (SciML) parameter estimation with pre-built loss functions.,19.0,13,False,3,,,
60,Fairness.jl,ashryaagr/Fairness.jl,interpretability,https://github.com/ashryaagr/Fairness.jl,https://github.com/ashryaagr/Fairness.jl,MIT,2020-05-21 18:10:23,2021-09-20 00:52:29,2021-07-27 12:01:12,11.0,7.0,2.0,23,146.0,2021-06-28 14:18:21,0.3.2,,,8.0,Julia Toolkit with fairness metrics and bias mitigation algorithms.,9.0,13,False,1,,,
61,DataAugmentation.jl,lorenzoh/DataAugmentation.jl,data-loading,https://github.com/lorenzoh/DataAugmentation.jl,https://github.com/lorenzoh/DataAugmentation.jl,MIT,2020-03-27 13:44:36,2021-10-13 14:06:24,2021-10-13 13:58:47,8.0,2.0,6.0,14,229.0,2021-10-01 08:04:47,0.2.6,,,16.0,Flexible data augmentation library for machine and deep learning.,7.0,13,False,2,,,
62,Stheno.jl,willtebbutt/Stheno.jl,ml-frameworks,https://github.com/JuliaGaussianProcesses/Stheno.jl,https://github.com/JuliaGaussianProcesses/Stheno.jl,,2017-08-15 15:10:58,2021-08-27 10:34:07,2021-08-27 10:02:08,20.0,21.0,37.0,278,462.0,2021-08-27 10:18:19,0.7.15,,,48.0,Probabilistic Programming with Gaussian processes in Julia.,11.0,12,False,3,,JuliaGaussianProcesses/Stheno.jl,
63,Mamba.jl,brian-j-smith/Mamba.jl,ml-frameworks,https://github.com/brian-j-smith/Mamba.jl,https://github.com/brian-j-smith/Mamba.jl,,2014-06-15 14:21:04,2020-08-26 12:36:20,2020-08-26 00:01:31,48.0,39.0,74.0,240,1057.0,2020-04-04 19:02:55,0.12.4,,,51.0,Markov chain Monte Carlo (MCMC) for Bayesian analysis in julia.,13.0,12,False,3,,,
64,AutoGrad.jl,denizyuret/AutoGrad.jl,ml-frameworks,https://github.com/denizyuret/AutoGrad.jl,https://github.com/denizyuret/AutoGrad.jl,,2016-08-08 20:24:26,2021-07-22 15:49:06,2021-07-22 15:48:57,23.0,18.0,50.0,153,481.0,2020-12-26 22:17:41,1.2.4,,,20.0,Julia port of the Python autograd package.,16.0,12,False,3,,,
65,Yota.jl,dfdx/Yota.jl,ml-frameworks,https://github.com/dfdx/Yota.jl,https://github.com/dfdx/Yota.jl,MIT,2018-07-14 22:04:47,2021-10-30 17:43:29,2021-10-29 21:51:58,8.0,7.0,38.0,106,,2021-10-30 17:43:29,0.6.2,,,17.0,Reverse-mode automatic differentiation in Julia.,8.0,12,True,3,-2.0,,
66,LossFunctions.jl,JuliaML/LossFunctions.jl,ml-frameworks,https://github.com/JuliaML/LossFunctions.jl,https://github.com/JuliaML/LossFunctions.jl,,2015-10-11 10:41:50,2021-07-28 14:14:27,2021-06-10 13:15:04,27.0,12.0,69.0,102,432.0,2021-06-10 14:13:08,0.7.2,,,14.0,Julia package of loss functions for machine learning.,18.0,12,False,3,,,
67,UMAP.jl,dillondaudert/UMAP.jl,ml-frameworks,https://github.com/dillondaudert/UMAP.jl,https://github.com/dillondaudert/UMAP.jl,MIT,2018-09-13 19:59:15,2021-05-26 02:48:10,2021-01-06 00:18:48,11.0,9.0,9.0,87,233.0,2020-10-13 15:14:54,0.1.8,,,9.0,Uniform Manifold Approximation and Projection (UMAP) implementation in Julia.,6.0,12,False,3,,,
68,CausalInference.jl,mschauer/CausalInference.jl,ml-frameworks,https://github.com/mschauer/CausalInference.jl,https://github.com/mschauer/CausalInference.jl,,2017-08-01 11:52:26,2021-10-18 01:17:18,2021-09-24 19:14:43,17.0,9.0,12.0,78,243.0,2021-09-27 14:40:46,0.7.0,,,12.0,"Causal inference, graphical models and structure learning with the PC algorithm.",6.0,12,False,3,,,
69,Loess.jl,JuliaStats/Loess.jl,ml-frameworks,https://github.com/JuliaStats/Loess.jl,https://github.com/JuliaStats/Loess.jl,,2013-09-14 00:00:30,2021-10-11 17:07:43,2021-01-20 10:13:09,25.0,6.0,15.0,64,77.0,2020-12-15 09:17:05,0.5.3,,,7.0,"Local regression, so smooooth!.",23.0,12,False,3,,,
70,JLBoost.jl,xiaodaigh/JLBoost.jl,ml-frameworks,https://github.com/xiaodaigh/JLBoost.jl,https://github.com/xiaodaigh/JLBoost.jl,MIT,2018-09-27 06:29:18,2021-04-26 03:27:37,2021-04-26 03:27:32,3.0,14.0,8.0,63,160.0,2020-11-28 11:08:40,0.1.16,,,17.0,A 100%-Julia implementation of Gradient-Boosting Regression Tree algorithms.,4.0,12,False,3,,,
71,bat,bat/bat,ml-frameworks,https://github.com/bat/bat,https://github.com/bat/bat,,2014-03-17 15:00:24,2021-02-26 21:31:49,2021-02-26 21:31:16,33.0,41.0,169.0,58,796.0,2018-05-18 21:05:57,1.0.0,5622.0,63.0,9.0,Bayesian analysis toolkit http://mpp.mpg.de/bat.,14.0,12,False,3,,,
72,AtomicGraphNets.jl,aced-differentiate/AtomicGraphNets.jl,ml-frameworks,https://github.com/Chemellia/AtomicGraphNets.jl,https://github.com/Chemellia/AtomicGraphNets.jl,MIT,2020-04-01 21:13:23,2021-10-26 01:02:50,2021-09-30 19:16:27,10.0,11.0,17.0,45,,2021-09-30 19:38:41,0.2.1,,,7.0,Atomic graph models for molecules and crystals in Julia.,9.0,12,False,3,,Chemellia/AtomicGraphNets.jl,
73,Reinforce.jl,JuliaML/Reinforce.jl,ml-frameworks,https://github.com/JuliaML/Reinforce.jl,https://github.com/JuliaML/Reinforce.jl,,2016-07-25 13:34:25,2021-07-29 02:20:52,2021-07-29 02:20:48,36.0,9.0,14.0,192,141.0,2020-11-17 10:26:40,0.4.0,,,5.0,"Abstractions, algorithms, and utilities for reinforcement learning in Julia.",16.0,11,False,3,,,
74,AdaGram.jl,sbos/AdaGram.jl,nlp,https://github.com/sbos/AdaGram.jl,https://github.com/sbos/AdaGram.jl,MIT,2015-03-01 19:58:59,2019-11-20 03:48:04,2019-11-20 03:39:12,42.0,14.0,18.0,163,116.0,,,,,,Adaptive Skip-gram implementation in Julia.,8.0,11,False,2,,,
75,KernelDensity.jl,JuliaStats/KernelDensity.jl,probabilistics,https://github.com/JuliaStats/KernelDensity.jl,https://github.com/JuliaStats/KernelDensity.jl,,2014-04-13 19:14:58,2021-05-03 05:18:10,2021-05-03 04:50:14,29.0,21.0,37.0,115,116.0,2021-05-03 05:18:10,0.6.3,,,10.0,Kernel density estimators for Julia.,21.0,11,False,3,-2.0,,
76,DiffEqBayes.jl,SciML/DiffEqBayes.jl,ml-frameworks,https://github.com/SciML/DiffEqBayes.jl,https://github.com/SciML/DiffEqBayes.jl,,2017-07-24 00:13:20,2021-08-31 01:20:15,2021-08-15 13:52:11,20.0,8.0,49.0,102,604.0,2021-07-12 13:39:21,2.26.0,,,49.0,"Extension functionality which uses Stan.jl, DynamicHMC.jl, and Turing.jl to estimate the parameters to differential..",19.0,11,False,3,,,
77,JuliaML/MLDataUtils.jl,JuliaML/MLDataUtils.jl,data-loading,https://github.com/JuliaML/MLDataUtils.jl,https://github.com/JuliaML/MLDataUtils.jl,,2016-02-12 21:17:27,2021-09-14 21:47:47,2021-04-25 12:03:13,19.0,12.0,23.0,91,185.0,2021-04-24 05:18:30,0.5.4,,,9.0,"Utility package for generating, loading, splitting, and processing Machine Learning datasets.",15.0,11,False,3,,,
78,ONNX.jl,FluxML/ONNX.jl,ml-frameworks,https://github.com/FluxML/ONNX.jl,https://github.com/FluxML/ONNX.jl,,2018-02-09 13:53:32,2021-10-31 22:14:48,2021-09-12 23:58:49,14.0,24.0,16.0,87,182.0,2019-06-25 12:46:51,0.1.1,,,2.0,Read ONNX graphs in Julia.,13.0,11,False,3,,,
79,GLMNet.jl,JuliaStats/GLMNet.jl,probabilistics,https://github.com/JuliaStats/GLMNet.jl,https://github.com/JuliaStats/GLMNet.jl,,2013-11-19 04:41:43,2021-08-30 14:42:51,2021-08-30 14:19:07,26.0,5.0,20.0,83,110.0,2021-08-30 14:42:51,0.7.0,,,13.0,Julia wrapper for fitting Lasso/ElasticNet GLM models using glmnet.,13.0,11,False,3,,,
80,WordTokenizers.jl,JuliaText/WordTokenizers.jl,nlp,https://github.com/JuliaText/WordTokenizers.jl,https://github.com/JuliaText/WordTokenizers.jl,,2018-04-10 12:29:17,2021-04-10 12:40:02,2021-01-17 10:00:44,23.0,6.0,10.0,75,258.0,2020-08-27 12:17:05,0.5.6,,,13.0,High performance tokenizers for natural language processing and other related tasks.,17.0,11,False,2,,,
81,Embeddings.jl,JuliaText/Embeddings.jl,nlp,https://github.com/JuliaText/Embeddings.jl,https://github.com/JuliaText/Embeddings.jl,MIT,2018-06-06 07:50:20,2020-02-14 20:56:27,2020-02-14 20:56:26,15.0,6.0,9.0,58,89.0,2020-02-09 00:06:15,0.4.2,,,7.0,"Functions and data dependencies for loading various word embeddings (Word2Vec, FastText, GLoVE).",7.0,11,False,2,,,
82,MLDataPattern.jl,JuliaML/MLDataPattern.jl,data-loading,https://github.com/JuliaML/MLDataPattern.jl,https://github.com/JuliaML/MLDataPattern.jl,,2017-03-31 11:44:53,2021-10-31 11:49:00,2021-10-26 23:22:02,12.0,14.0,15.0,48,142.0,2021-10-26 23:39:39,0.5.5,,,13.0,"Utility package for subsetting, resampling, iteration, and partitioning of various types of data sets in Machine..",14.0,11,False,3,2.0,,
83,ReinforcementLearningZoo.jl,JuliaReinforcementLearning/ReinforcementLearningZoo.jl,others,https://github.com/JuliaReinforcementLearning/ReinforcementLearningZoo.jl,https://github.com/JuliaReinforcementLearning/ReinforcementLearningZoo.jl,MIT,2020-02-15 03:08:44,2021-05-06 07:15:00,2021-05-06 07:15:00,18.0,,19.0,45,170.0,2021-04-27 23:47:32,0.3.7,,,18.0,,15.0,11,False,1,-2.0,,
84,CorpusLoaders.jl,JuliaText/CorpusLoaders.jl,data-loading,https://github.com/JuliaText/CorpusLoaders.jl,https://github.com/JuliaText/CorpusLoaders.jl,,2016-08-26 08:02:52,2021-10-29 21:30:12,2021-10-29 21:30:12,13.0,10.0,12.0,25,229.0,2020-01-04 09:45:51,0.3.1,,,3.0,A variety of loaders for various NLP corpora.,14.0,11,False,3,,,
85,BeautifulAlgorithms.jl,mossr/BeautifulAlgorithms.jl,ml-frameworks,https://github.com/mossr/BeautifulAlgorithms.jl,https://github.com/mossr/BeautifulAlgorithms.jl,,2020-09-15 19:58:22,2021-10-30 05:12:46,2021-10-30 05:12:31,52.0,2.0,5.0,904,94.0,,,,,,Concise and beautiful algorithms written in Julia.,,10,False,3,,,True
86,Torch.jl,FluxML/Torch.jl,ml-frameworks,https://github.com/FluxML/Torch.jl,https://github.com/FluxML/Torch.jl,,2020-02-04 09:11:22,2021-08-19 00:50:52,2021-04-07 16:26:03,14.0,15.0,10.0,141,193.0,2020-08-04 00:22:05,0.1.2,,,3.0,Sensible extensions for exposing torch in Julia.,12.0,10,False,3,,,
87,NMF.jl,JuliaStats/NMF.jl,ml-frameworks,https://github.com/JuliaStats/NMF.jl,https://github.com/JuliaStats/NMF.jl,,2014-02-08 15:25:09,2021-07-18 03:01:30,2021-07-18 03:01:30,29.0,2.0,28.0,71,93.0,2021-04-20 22:02:17,0.5.3,,,8.0,A Julia package for non-negative matrix factorization.,13.0,10,False,3,,,
88,lathe,bhattlab/lathe,ml-frameworks,https://github.com/bhattlab/lathe,https://github.com/bhattlab/lathe,MIT,2019-03-20 18:12:38,2021-08-10 22:58:27,2021-08-10 22:50:18,14.0,17.0,6.0,49,284.0,,,,,,A tool for generating bacterial genomes from metagenomes with nanopore long read sequencing.,5.0,10,False,3,,,
89,Languages.jl,JuliaText/Languages.jl,nlp,https://github.com/JuliaText/Languages.jl,https://github.com/JuliaText/Languages.jl,,2012-12-21 04:07:57,2021-03-31 18:19:09,2021-03-31 18:19:08,21.0,2.0,7.0,38,102.0,2020-04-08 22:11:29,0.4.3,,,6.0,A package for working with human languages.,16.0,10,False,3,,,
90,ROCAnalysis.jl,davidavdav/ROCAnalysis.jl,ml-frameworks,https://github.com/davidavdav/ROCAnalysis.jl,https://github.com/davidavdav/ROCAnalysis.jl,,2014-03-13 08:23:30,2021-09-17 08:09:55,2021-09-17 08:09:55,8.0,4.0,8.0,27,130.0,2021-04-07 09:17:37,0.3.2,,,3.0,Receiver Operating Characteristics and functions for evaluation probabilistic binary classifiers.,7.0,10,False,3,,,
91,TextModels.jl,JuliaText/TextModels.jl,nlp,https://github.com/JuliaText/TextModels.jl,https://github.com/JuliaText/TextModels.jl,,2020-09-04 20:10:47,2021-10-13 03:43:54,2021-07-18 16:17:15,12.0,6.0,3.0,14,360.0,2020-11-01 22:45:50,0.1.0,,,1.0,Neural Network based models for Natural Language Processing.,27.0,10,False,3,,,
92,BytePairEncoding.jl,chengchingwen/BytePairEncoding.jl,nlp,https://github.com/chengchingwen/BytePairEncoding.jl,https://github.com/chengchingwen/BytePairEncoding.jl,MIT,2018-12-03 13:06:41,2021-04-09 04:13:59,2021-04-09 04:13:54,4.0,,2.0,5,72.0,2021-04-08 20:39:49,0.2.0,,,3.0,Julia implementation of Byte Pair Encoding for NLP.,,10,False,3,,,
93,ManifoldLearning.jl,wildart/ManifoldLearning.jl,ml-frameworks,https://github.com/wildart/ManifoldLearning.jl,https://github.com/wildart/ManifoldLearning.jl,,2014-07-19 03:30:31,2021-05-31 20:03:34,2021-05-31 20:01:12,17.0,,15.0,61,43.0,2021-02-10 01:33:10,0.6.2,,,4.0,A Julia package for manifold learning and nonlinear dimensionality reduction.,3.0,9,False,3,,,
94,Word2Vec.jl,JuliaText/Word2Vec.jl,nlp,https://github.com/JuliaText/Word2Vec.jl,https://github.com/JuliaText/Word2Vec.jl,,2015-09-03 21:49:18,2020-11-30 22:30:04,2020-11-30 20:47:55,12.0,4.0,8.0,55,97.0,2020-11-30 22:30:05,0.5.3,,,4.0,Julia interface to word2vec.,7.0,9,False,3,,,
95,WordNet.jl,JuliaText/WordNet.jl,nlp,https://github.com/JuliaText/WordNet.jl,https://github.com/JuliaText/WordNet.jl,,2015-09-21 22:18:44,2020-02-08 17:36:15,2020-02-08 17:36:13,10.0,2.0,4.0,26,75.0,2019-03-01 17:34:47,0.2.2,,,3.0,A Julia package for Princeton's WordNet.,11.0,9,False,3,,,
96,cscherrer/SossMLJ.jl,cscherrer/SossMLJ.jl,probabilistics,https://github.com/cscherrer/SossMLJ.jl,https://github.com/cscherrer/SossMLJ.jl,MIT,2019-10-29 19:33:19,2021-06-03 00:20:50,2021-04-13 17:26:26,2.0,12.0,38.0,14,86.0,2021-04-13 17:41:12,0.3.0,,,3.0,SossMLJ makes it easy to build MLJ machines from user-defined models from the Soss probabilistic programming language.,4.0,9,False,3,,,
97,DiscriminantAnalysis.jl,trthatcher/DiscriminantAnalysis.jl,ml-frameworks,https://github.com/trthatcher/DiscriminantAnalysis.jl,https://github.com/trthatcher/DiscriminantAnalysis.jl,MIT,2013-10-08 03:48:09,2021-01-10 00:58:12,2021-01-10 00:57:58,6.0,5.0,4.0,8,216.0,,,,,,Regularized discriminant analysis in Julia.,7.0,9,False,3,,,
98,TopicModels.jl,slycoder/TopicModels.jl,nlp,https://github.com/slycoder/TopicModels.jl,https://github.com/slycoder/TopicModels.jl,MIT,2013-03-17 03:32:26,2020-05-31 01:53:24,2020-05-31 01:53:23,17.0,,4.0,33,14.0,,,,,,TopicModels for Julia.,6.0,8,False,3,,,
99,TimeSeriesClassification.jl,alan-turing-institute/TimeSeriesClassification.jl,ml-frameworks,https://github.com/alan-turing-institute/TimeSeriesClassification.jl,https://github.com/alan-turing-institute/TimeSeriesClassification.jl,MIT,2020-05-06 16:20:21,2020-12-01 15:36:57,2020-12-01 15:36:48,4.0,6.0,1.0,19,103.0,,,,,,Machine Learning with Time Series in Julia.,7.0,8,False,3,,,
100,OpenAIGym.jl,JuliaML/OpenAIGym.jl,ml-frameworks,https://github.com/JuliaML/OpenAIGym.jl,https://github.com/JuliaML/OpenAIGym.jl,,2016-04-30 01:01:35,2020-07-21 05:30:41,2020-07-21 05:30:40,20.0,10.0,9.0,93,83.0,,,,,,OpenAI's Gym binding for Julia.,12.0,7,False,3,,,
101,DistributedReinforcementLearning.jl,JuliaReinforcementLearning/DistributedReinforcementLearning.jl,others,https://github.com/JuliaReinforcementLearning/DistributedReinforcementLearning.jl,https://github.com/JuliaReinforcementLearning/DistributedReinforcementLearning.jl,MIT,2020-10-29 15:21:52,2020-12-19 00:25:16,2020-11-22 05:41:36,2.0,,1.0,7,19.0,2020-11-26 00:21:54,0.1.0,,,1.0,"If it works, it works everywhere!.",,7,False,3,,,
102,Snowball.jl,JuliaText/Snowball.jl,nlp,https://github.com/JuliaText/Snowball.jl,https://github.com/JuliaText/Snowball.jl,MIT,2020-03-24 17:21:51,2020-11-17 20:55:14,2020-11-17 20:53:33,,,,1,15.0,2020-09-06 23:51:55,0.1.0,,,1.0,Snowball stemming algorithms.,2.0,5,False,3,,,
